,旅店名稱,鄰近地區,旅客評分,旅客評鑑數目,旅店當天價格
0,東旅湯宿溫泉飯店-風華漾 ,礁溪鄉,8.3,4843,2515
1,東旅湯宿溫泉飯店 - 信義館 ,礁溪鄉,8.5,2850,2645
2,寶貝愛溜滑梯親子民宿 ,羅東鎮,8.7,146,3429
3,品文旅礁溪 ,礁溪鄉,8.7,1449,3036
4,山啄木青年旅館 ,宜蘭市,8.8,347,1527
5,Onsense Villa,礁溪鄉,8.4,942,3145
6,亞諾溫泉行旅 ,礁溪鄉,8.3,3771,1690
7,麗翔酒店連鎖 - 礁溪館 ,礁溪鄉,8.1,4130,3203
8,OA HOTEL,頭城鎮,8.8,13,3325
9,山口溫泉飯店 ,礁溪鄉,7.8,2371,2223
10,檜木屋民宿 ,冬山鄉,9.2,93,3414
11,捷絲旅宜蘭礁溪館 ,礁溪鄉,8.5,9489,3201
12,中天溫泉渡假飯店 ,礁溪鄉,8.5,2287,4569
13,宜蘭市的1臥室小屋 - 18平方公尺/1間專用衛浴 ,宜蘭市,9.2,151,1327
14,兆品酒店礁溪 ,礁溪鄉,8.5,1522,4112
15,東旅背包客 ,礁溪鄉,9.0,2344,738
16,松風文旅 ,五結鄉,8.5,1947,3290
17,Transfer Station Homestay,宜蘭市,8.7,150,1784
18,香檳溫泉飯店 ,礁溪鄉,7.4,2674,1840
19,伯斯飯店 ,宜蘭市,8.0,2584,2251
20,誠闊礁溪渡假飯店 ,礁溪鄉,8.8,3116,3282
21,亞奇文旅 ,羅東鎮,8.2,4472,1371
22,嗨夫精品旅館 ,羅東鎮,9.0,2059,2413
23,每日溫泉旅店 ,礁溪鄉,7.9,1556,1016
24,葛瑪蘭溫泉飯店 ,礁溪鄉,9.0,141,3074
25,樂亞香草藝術旅店 ,羅東鎮,8.3,2696,1543
26,宜蘭市的1臥室小屋 - 18平方公尺/1間專用衛浴 ,宜蘭市,9.3,129,1153
27,夏朶沙灘渡假會館 ,頭城鎮,8.8,521,5109
28,開蘭行旅 ,頭城鎮,8.1,2137,2355
29,宜泰大飯店 ,羅東鎮,8.1,3049,2113
30,宜蘭市的1臥室獨棟住宅 - 66平方公尺/1間專用衛浴 ,宜蘭市,8.4,20,1133
31,怡蘭精品旅館 ,五結鄉,7.4,990,1829
32,蘇澳大飯店 ,蘇澳鎮,7.3,1333,1085
33,菓菓和風溫泉,礁溪鄉,9.3,7,3475
34,沐恩國際溫泉渡假飯店 ,礁溪鄉,8.5,6709,3350
35,山水商務飯店 ,羅東鎮,7.9,2984,1417
36,幸福18 ,頭城鎮,9.2,50,3030
37,慢漫窩溫泉旅宿 ,礁溪鄉,8.6,2450,1476
38,玖屋文旅 ,羅東鎮,8.5,2366,2269
39,Rainbow House 三房兩廳每日只接待一組客人最多6人,羅東鎮,9.7,24,3512
40,沐恩遠東溫泉渡假飯店 ,礁溪鄉,8.5,354,3818
41,5963右轉民宿 ,礁溪鄉,9.3,834,1385
42,迷你兔民宿 ,宜蘭市,9.0,158,2783
43,美嘉美大飯店 ,礁溪鄉,7.5,1426,1317
44,宜蘭富翔大飯店 ,宜蘭市,7.7,1143,1625
45,頭城鎮的1臥室公寓 - 18平方公尺/1間專用衛浴 ,頭城鎮,9.3,10,994
46,湯匙溫泉會館 ,礁溪鄉,8.5,66,2783
47,沐村溫泉會館 ,礁溪鄉,8.7,307,2251
48,和風時尚館  ,頭城鎮,7.8,692,2909
49,頭城鎮的1臥室公寓 - 13平方公尺/1間專用衛浴 ,頭城鎮,7.7,4,974
50,晶樺商務大飯店 ,羅東鎮,7.5,2656,1302
51,26旅店 ,宜蘭市,8.9,1185,1602
52,冬山鄉的1臥室小屋 - 40平方公尺/1間專用衛浴 ,冬山鄉,8.2,9,3891
53,東遊溫泉驛棧 ,礁溪鄉,8.2,996,1385
54,黑海時光館 ,礁溪鄉,8.2,1680,1108
55,水岸森林休閒農場 ,冬山鄉,8.1,756,5648
56,壹閣 ,羅東鎮,8.9,141,2251
57,米淇旅店 - 羅東館   ,羅東鎮,8.8,283,1507
58,AT Home 寵物友善公寓 ,宜蘭市,10.0,3,2286
59,羅東夜市幸福故事商旅 ,羅東鎮,8.7,2333,999
60,空氣協議 輕旅行 ,羅東鎮,8.4,443,1558
61,Chyi's 通鋪 ,羅東鎮,9.5,3,3948
62,若水溫泉旅館 ,礁溪鄉,8.3,1672,1697
63,貳十二度行旅,蘇澳鎮,9.1,615,2580
64,羅東幼獅大飯店 ,羅東鎮,7.7,1042,2136
65,水月星賞會館 ,冬山鄉,9.4,362,3222
66,園仔湯旅店 ,礁溪鄉,8.5,3554,2580
67,Anho Chew Hotel,羅東鎮,8.4,2943,1192
68,川湯春天溫泉飯店 - 德陽館 ,礁溪鄉,8.4,1209,3253
69,頭城溫泉海景168 ,頭城鎮,8.6,107,4095
70,礁溪21號溫泉旅店 ,礁溪鄉,8.4,1884,1732
71,天使輕旅礁溪溫泉 ,礁溪鄉,7.7,1958,2088
72,華閣溫泉飯店 ,礁溪鄉,8.5,468,2374
73,朗居文旅 ,頭城鎮,8.3,416,2198
74,雀客童媽吉親子旅館 ,羅東鎮,9.4,10,13424
75,香格里拉冬山河渡假飯店 ,五結鄉,8.1,1316,3290
76,友愛大飯店 ,宜蘭市,7.5,828,1805
77,古舍古鄉 ,大同鄉,9.0,241,1826
78,58度溫泉湯苑會館 ,礁溪鄉,8.0,4226,1327
79,雁窩Goose Nest,羅東鎮,9.1,455,1314
80,慢漫湯溫泉旅宿 ,礁溪鄉,9.0,908,1758
81,木棉道美學商旅 ,羅東鎮,8.0,1329,2836
82,慕夏精品旅館 ,宜蘭市,7.6,1241,1082
83,水蠟燭水稻輕旅行 ,五結鄉,9.4,110,2840
84,1919背包客棧 ,宜蘭市,9.4,26,1230
85,自然而然民宿 ,五結鄉,9.2,118,4156
86,福岡1號溫泉飯店 ,礁溪鄉,7.8,1787,1644
87,晏京精品旅館 ,羅東鎮,7.8,1134,2623
88,春水笈溫泉度假會館 ,礁溪鄉,8.0,1804,2207
89,藏闊渡假會館 ,五結鄉,8.9,796,2529
90,山多利大飯店 ,礁溪鄉,8.6,1699,3429
91,悠宅SPA養生會館 ,礁溪鄉,9.0,1051,1925
92,福岡2號溫泉會館 ,礁溪鄉,7.5,1582,1558
93,和斯頓精緻溫泉旅館 ,礁溪鄉,7.2,910,4769
94,自然風溫泉會館 ,礁溪鄉,8.3,1957,1528
95,豪美日月光大飯店 ,礁溪鄉,7.3,732,2303
96,青池人文溫泉旅店 ,礁溪鄉,7.1,1499,1247
97,小窩旅店 ,羅東鎮,9.4,22,1121
98,綠動湯泉原宿 ,礁溪鄉,8.5,573,2999
99,蘭陽四季會館 ,冬山鄉,8.0,452,2086
100,小島天光民宿 ,冬山鄉,8.9,762,2570
101,神農青舍 ,宜蘭市,8.1,600,1732
102,N. castle Hotel,宜蘭市,8.9,246,1401
103,漫.深活湯旅 ,礁溪鄉,8.6,884,2032
104,福岡6號溫泉飯店 ,礁溪鄉,8.1,694,1904
105,日光綠築 ,冬山鄉,9.1,1236,3810
106,大成飯店 ,宜蘭市,7.9,1212,1196
107,綺麗商旅 蘇澳館 ,蘇澳鎮,8.2,1685,2381
108,水筠間民宿 ,羅東鎮,9.2,464,2078
109,冬山驛青年旅館 ,冬山鄉,9.2,252,2086
110,居十六客棧 ,宜蘭市,8.1,831,2228
111,夢想藍圖 ,羅東鎮,8.9,655,1354
112,羅東夜市哈妮的家 ,羅東鎮,9.2,602,1646
113,靈感青年旅舍 ,羅東鎮,9.2,1408,565
114,喜芃烘焙坊 ,礁溪鄉,8.8,499,2165
115,歐遊國際連鎖精品旅館 - 宜蘭館 ,宜蘭市,8.1,867,2113
116,一田一墅民宿 ,五結鄉,8.7,955,2580
117,東方商務大飯店 ,羅東鎮,8.3,551,1267
118,帝王大飯店 ,礁溪鄉,7.5,750,2112
119,天裕大飯店  ,羅東鎮,7.5,283,1284
120,薪傳人文音樂民宿 ,三星鄉,8.5,224,1247
121,多愛溫泉會館 ,礁溪鄉,7.8,1742,2181
122,明遠藝遊民宿 ,五結鄉,9.1,603,1723
123,第一山海行館 ,頭城鎮,9.0,496,3025
124,礁溪丫丫胡同溫泉民宿  ,礁溪鄉,8.5,920,1212
125,綠Inn ,羅東鎮,8.8,962,1231
126,杜拜時尚戀館 ,宜蘭市,8.0,1612,2468
127,香格里拉休閒農場松羅館 ,冬山鄉,8.4,80,2494
128,山多香青年民宿 ,三星鄉,9.5,10,837
129,幸福之鄉溫泉旅館  ,礁溪鄉,8.9,697,2597
130,SUAO Backpackers蘇澳精品客棧,蘇澳鎮,8.8,435,1039
131,天使星夢渡假村 ,冬山鄉,8.3,270,2862
132,都鄉旅B&B ,羅東鎮,9.4,549,2999
133,太平山黑煙囪景觀民宿 ,大同鄉,8.9,154,3550
134,福岡7號溫泉飯店 ,礁溪鄉,7.8,265,1471
135,快樂幾迷會館 ,宜蘭市,8.4,1470,1556
136,阿先湯泉養生會館 ,礁溪鄉,7.3,363,1645
137,和風嘉一溫泉飯店 ,礁溪鄉,7.3,32,1621
138,和風嘉一溫泉飯店 ,礁溪鄉,7.3,32,1621
139,立都大飯店 ,蘇澳鎮,7.6,193,1299
140,川岸空中Villa ,羅東鎮,9.7,638,2381
141,理想溫泉飯店  ,礁溪鄉,7.5,73,2544
142,晴川禾悅休閒會館 ,五結鄉,9.4,67,3048
143,品愛溫泉行旅,礁溪鄉,7.8,78,2078
144,禾漾溫泉會館 ,礁溪鄉,8.4,136,1710
145,羅東夜市幸福故事民宿II ,羅東鎮,8.4,837,1286
146,羅東麗園別莊 ,五結鄉,8.0,119,2383
147,CIAO 精品民宿 ,頭城鎮,9.1,132,2155
148,礁溪天隆大飯店 ,礁溪鄉,7.8,586,1732
149,雅閣溫泉行館 ,礁溪鄉,9.1,736,3217
150,羅東夜市雅泊館 ,羅東鎮,7.0,151,1929
151,W3青旅 ,羅東鎮,8.5,90,808
152,後山寶典觀自在 ,羅東鎮,9.3,84,3338
153,玉泉溫泉飯店 ,礁溪鄉,8.2,1367,1325
154,水畔星墅時尚會館 ,冬山鄉,9.0,297,4052
155,夜墅 ,冬山鄉,9.3,282,1541
156,溫馨小屋 ,礁溪鄉,7.1,80,935
157,菈芙卡 LaFika ,冬山鄉,9.4,341,1999
158,BoBo旅店 ,羅東鎮,7.6,297,1031
159,86.88B&B ,三星鄉,9.7,153,2315
160,馥蜂溫泉旅館  ,礁溪鄉,6.3,285,2721
161,H & Vacation Home,宜蘭市,9.6,275,2424
162,原宿民宿 ,冬山鄉,9.3,375,3429
163,茉莉莊園  ,礁溪鄉,8.6,767,1216
164,玉蘭山徑小木屋 ,大同鄉,8.3,428,2511
165,坦克文旅 ,羅東鎮,8.8,496,1558
166,設計師的家休閒民宿 ,五結鄉,8.8,69,2121
167,蝸牛漫步B&B ,羅東鎮,9.3,483,2858
168,布魯懷特,五結鄉,9.2,387,2339
169,白宮渡假飯店 ,礁溪鄉,7.9,233,4846
170,綠光行館 ,三星鄉,9.7,306,3105
171,第五季國際旅店 ,羅東鎮,8.8,1130,1223
172,御田旅宿 ,礁溪鄉,9.3,202,2783
173,羅東夜市想念民宿  ,羅東鎮,8.4,39,1039
174,上萊茵莊園 ,壯圍鄉,8.8,253,2424
175,踢被屋民宿 ,羅東鎮,9.2,242,1732
176,迷妮窩 ,羅東鎮,9.5,244,1739
177,美洲溫泉商旅 ,礁溪鄉,9.2,1601,2000
178,木頭人民宿 ,羅東鎮,8.4,743,1096
179,三月三旅店 ,羅東鎮,8.1,121,2771
180,境安樂活民宿 ,冬山鄉,8.6,226,1385
181,Talent Hotel Yilan,羅東鎮,8.5,820,2165
182,似禾苑民宿 Siheyuan Homestay,三星鄉,9.4,66,3200
183,馬妞行旅 夢雲閣 ,礁溪鄉,8.5,135,1546
184,福岡5號溫泉會館 ,礁溪鄉,7.5,613,1904
185,帥王溫泉大飯店 ,礁溪鄉,8.2,42,2078
186,太平山好望角景觀別墅 ,大同鄉,8.2,710,2251
187,意大利溫泉汽車旅館,礁溪鄉,6.9,26,3675
188,山禾居風華別墅 ,大同鄉,8.9,737,2783
189,亞瑟會館 ,宜蘭市,8.4,21,1169
190,歐若菈城堡民宿 ,羅東鎮,8.9,511,1299
191,礁溪山水妍溫泉會館 ,礁溪鄉,7.4,1196,1834
192,花鳥居 ,礁溪鄉,7.8,11,1472
193,Sunday Home,三星鄉,9.4,196,3290
194,東寶複合式旅館 ,羅東鎮,8.1,160,909
195,風箏小木屋 ,冬山鄉,8.7,41,2571
196,Toucheng Homestay,頭城鎮,9.0,668,1000
197,金愛大飯店 ,羅東鎮,7.4,441,1930
198,太平山櫻悅景觀渡假別墅 ,大同鄉,8.6,284,2857
199,自由天地民宿 ,羅東鎮,7.5,442,866
200,九塘苑 ,礁溪鄉,9.1,164,1166
201,貝裡斯 ,羅東鎮,8.4,1596,1385
202,禾風彩魚會館 ,壯圍鄉,9.2,254,2424
203,南方澳背包客棧 ,蘇澳鎮,8.2,67,1558
204,美滿小窩渡假別墅 ,冬山鄉,8.2,79,1905
205,Buluba眺望 ,員山鄉,9.0,42,3478
206,八方景精品窩 ,羅東鎮,7.2,298,1143
207,國城飯店 ,羅東鎮,7.9,409,2870
208,盧森堡山莊民宿  ,礁溪鄉,9.1,382,2589
209,羅東夜市民宿-可星 ,羅東鎮,8.6,25,1212
210,沐谷溫泉旅店 ,礁溪鄉,8.6,549,3446
211,工匠家民宿 ,頭城鎮,9.3,392,2015
212,幸福yes三館 ,羅東鎮,8.8,670,1414
213,陌上花開民宿 ,羅東鎮,8.6,75,1821
214,茶米露景觀渡假別墅  ,大同鄉,8.8,276,2435
215,羅東夜市八平方 ,羅東鎮,8.4,1150,1385
216,家筠民宿 ,羅東鎮,7.6,9,1385
217,映象函館溫泉民宿 ,礁溪鄉,8.2,1350,3502
218,金羅東大飯店 ,羅東鎮,7.5,897,953
219,布克伍旅店 ,冬山鄉,9.5,489,1991
220,金格溫泉旅館  ,礁溪鄉,8.2,321,1039
221,龍山溫泉旅館 ,礁溪鄉,8.2,71,1299
222,羅東節奏民宿,羅東鎮,9.1,14,952
223,i L行館 ,員山鄉,9.1,293,2943
224,宜蘭明水露渡假民宿 ,三星鄉,9.3,152,2260
225,礁溪L溫泉行館  ,礁溪鄉,7.2,172,1870
226,花木馬親子民宿 ,羅東鎮,9.4,99,3972
227,涵暄精品民宿 ,冬山鄉,8.7,156,2753
228,海洋20M - 二館 ,蘇澳鎮,7.4,71,1636
229,綠也渡假莊園 ,五結鄉,9.1,374,2424
230,羅騰堡莊園 ,五結鄉,9.4,226,3130
231,山泉之戀休閒民宿 ,大同鄉,8.8,274,1905
232,伊士脈泉旅 ,礁溪鄉,7.8,2148,2546
233,綠也渡假莊園 ,五結鄉,9.1,374,2424
234,羅騰堡莊園 ,五結鄉,9.4,226,3130
235,山泉之戀休閒民宿 ,大同鄉,8.8,274,1905
236,同榮大飯店 ,羅東鎮,8.0,811,2502
237,伊士脈泉旅 ,礁溪鄉,7.8,2148,2546
238,羅東珍寶,羅東鎮,9.4,218,1048
239,洛卡斯 ,大同鄉,8.4,1330,2174
240,安農671 Annong,三星鄉,9.8,5,3736
241,羅東夜市灰熊民宿 ,羅東鎮,7.9,117,1299
242,涓久川食泊庭園民宿 ,冬山鄉,9.2,116,4987
243,無待民宿 ,五結鄉,9.4,92,4667
244,青禾溫泉家民宿 ,礁溪鄉,7.8,430,1385
245,這好宅 ,羅東鎮,9.6,288,1732
246,亞仕登旅館 ,礁溪鄉,7.2,489,1529
247,悅綠墅民宿 ,員山鄉,8.5,579,2208
248,水舍 ,三星鄉,9.4,96,4156
249,山璞溫泉  ,礁溪鄉,7.8,74,2191
250,羅東夜市繽紛世界,羅東鎮,8.6,232,958
251,礁溪觀景樓溫泉會館 ,礁溪鄉,7.4,448,3086
252,水上屋民宿 ,礁溪鄉,8.5,17,2771
253,布蕾頓法式鄉村民宿 ,羅東鎮,9.5,107,1991
254,福岡3號汽車旅館 ,宜蘭市,6.7,856,1125
255,我的秘密基地 ,羅東鎮,7.7,208,1314
256,龍城旅館 ,羅東鎮,8.1,655,1965
257,雅比斯二 ,礁溪鄉,9.1,565,2476
258,非杋精品汽車旅館 ,宜蘭市,7.8,85,2753
259,可青大飯店 ,宜蘭市,6.8,313,1126
260,宜蘭米蘭穀堡 ,五結鄉,8.7,237,2716
261,池塘邊邊民宿 ,員山鄉,9.0,83,2707
262,宜蘭雅廬景觀度假別墅 ,大同鄉,8.8,340,2684
263,CABREMANOR,冬山鄉,8.7,284,2511
264,宜蘭礁溪民宿‧礁遊趣 ,礁溪鄉,8.7,245,1558
265,羅東亞尼親子民宿,羅東鎮,8.3,7,1905
266,賓成精品商旅 ,宜蘭市,7.1,324,1797
267,簡單的幸福民宿 ,冬山鄉,9.0,294,2165
268,晨曦溫泉宅,頭城鎮,9.4,11,2857
269,夏沐雷 ,五結鄉,9.6,121,2944
270,小隱日光 ,羅東鎮,9.9,31,4442
271,散步民宿  ,羅東鎮,8.6,303,1130
272,蜜糖民宿 ,羅東鎮,9.3,454,1299
273,浮雲遊。咫 ,礁溪鄉,8.8,151,1385
274,浮水印民宿 ,五結鄉,9.1,275,2609
275,大南澳民宿 ,蘇澳鎮,7.7,467,1097
276,Noir 黑舍 ,頭城鎮,9.3,219,4304
277,昕居 ,羅東鎮,8.9,406,1195
278,鹿野星蹤民宿 ,冬山鄉,8.7,243,1930
279,蕾米斯莊園 ,蘇澳鎮,8.9,108,1558
280,幸福210民宿 ,冬山鄉,8.4,411,1038
281,自遊自在民宿 ,冬山鄉,8.8,23,870
282,第五季鄉野別墅 ,五結鄉,8.9,498,1645
283,雙子衛視休閒會館 ,頭城鎮,7.7,13,3043
284,禾風竹露渡假木屋 ,宜蘭市,8.4,416,2504
285,琉戀客佔 ,羅東鎮,9.2,700,2518
286,宜蘭市陳阿姨民宿,宜蘭市,8.8,148,1238
287,夜市芳鄰,羅東鎮,8.2,99,1784
288,驛墅家水岸行館 ,五結鄉,9.0,456,1714
289,海天濱海休閒民宿 ,頭城鎮,7.6,465,3507
290,怡静民宿 ,羅東鎮,9.1,386,1364
291,日光之丘 ,員山鄉,9.7,74,3810
292,美而美民宿 ,三星鄉,9.0,2,1130
293,四季園 ,礁溪鄉,9.1,7,2165
294,貴族旅社 ,羅東鎮,7.4,325,1700
295,家家商務旅館 ,羅東鎮,7.8,136,1732
296,海灘風情民宿   ,頭城鎮,8.9,54,2165
297,羅東夜市貝斯特棧 ,羅東鎮,7.9,197,1363
298,鄉都溫泉旅館 ,礁溪鄉,6.8,110,866
299,羅東Loft旅宿  ,羅東鎮,8.4,398,1126
300,夏爾民宿 ,羅東鎮,9.3,235,2372
301,飛旅宿  ,冬山鄉,9.8,266,3091
302,佐沐的民宿 ,羅東鎮,9.2,234,1908
303,幕之間  ,冬山鄉,9.2,184,1826
304,大方溫泉旅館 ,礁溪鄉,7.8,10,2888
305,石頭屋蝴蝶農場 ,冬山鄉,9.1,63,2424
306,伯利恆之星 ,五結鄉,9.2,185,2282
307,阿Q民宿 ,冬山鄉,9.8,2,1385
308,鰆居民宿  ,三星鄉,8.9,226,1304
309,戀戀河畔民宿 ,五結鄉,8.9,89,1529
310,奧莉薇雅生活小酒店,三星鄉,9.1,112,3857
311,家家陽光house,五結鄉,9.8,7,1299
312,新戀家主義溜溜親子民宿 ,羅東鎮,7.7,429,1497
313,生態綠舟民宿  ,冬山鄉,9.5,379,2000
314,Superman  ,羅東鎮,8.8,546,1057
315,幸福藍星民宿 ,壯圍鄉,8.7,253,1524
316,LivingGreen B&B,羅東鎮,9.0,141,2286
317,庭軒小公館B館   ,蘇澳鎮,8.3,261,1732
318,筑園居民宿 ,員山鄉,9.0,29,1732
319,西樺商務飯店 ,羅東鎮,7.3,173,1645
320,Millu 32,三星鄉,9.2,4,2667
321,泰雅山莊民宿 ,大同鄉,9.1,7,1732
322,依依不捨民宿,五結鄉,9.7,3,1124
323,NO.9 玖民宿 ,五結鄉,9.2,89,1790
324,π 園周綠溫泉會館 Pi Hotspring Resort,礁溪鄉,10.0,1,1541
325,礁溪禾田居 ,礁溪鄉,9.1,84,2095
326,fun 鬆 ,羅東鎮,8.8,165,1026
327,羅東晴晴屋 ,羅東鎮,8.7,435,1008
328,錦 ,冬山鄉,8.9,253,1299
329,輕塵別院 ,五結鄉,9.2,61,4416
330,壯圍愛情海民宿 ,壯圍鄉,8.6,300,1455
331,海邊民宿 Hibnb Guesthouse-全新開幕,壯圍鄉,7.9,165,2597
332,艷陽天民宿 ,頭城鎮,8.4,131,1420
333,我家商務旅店 ,羅東鎮,8.1,232,2144
334,田中小琳  ,礁溪鄉,9.2,1,1732
335,停留民宿  ,頭城鎮,9.5,272,2857
336,宜蘭和莊渡假別墅 ,五結鄉,8.7,116,935
337,赫里翁民宿 ,宜蘭市,9.3,341,1905
338,有朋會館 ,礁溪鄉,8.7,529,4156
339,凱城山莊 ,礁溪鄉,6.9,130,1039
340,小小邸 Small Hotel,羅東鎮,9.5,29,3436
341,月光石-蘭陽夜景民宿,三星鄉,8.9,286,2424
342,土圍192民宿 ,壯圍鄉,9.5,291,1531
343,陽光屋民宿梅花湖畔宜蘭家庭情侶推薦,冬山鄉,9.1,358,3848
344,蒔裳秝景 ,礁溪鄉,8.6,68,2999
345,笑笑魚溫泉民宿 ,礁溪鄉,8.1,8,4675
346,羅東樂活民宿 ,羅東鎮,7.8,305,827
347,庄腳所在民宿 ,員山鄉,8.4,153,2078
348,蝶古巴特風情畫民宿 ,礁溪鄉,8.5,78,2409
349,夜市日新旅店 ,羅東鎮,7.6,136,866
350,宏來民宿  ,礁溪鄉,9.2,121,1558
351,假期365精品旅館 ,羅東鎮,8.4,49,1029
352,水玥休閒會館,員山鄉,9.0,122,2381
353,辰馨辰懿溫泉會館 ,礁溪鄉,9.0,180,3071
354,內行家田園民宿 ,羅東鎮,8.8,605,1732
355,晴語柔民宿 ,冬山鄉,9.4,29,1732
356,社長的家,羅東鎮,9.1,11,1304
357,戀戀夜市民宿 ,羅東鎮,8.3,129,866
358,Yilan early morning B&B,冬山鄉,10.0,1,1281
359,冬杉荷民宿 ,冬山鄉,9.2,4,2771
360,貓腳印 ,羅東鎮,8.8,103,2591
361,新悅汽車旅館 ,蘇澳鎮,6.6,412,866
362,英格蘭精品商務汽車旅館 ,宜蘭市,7.6,143,2160
363,立琦大飯店  ,羅東鎮,6.8,120,3621
364,員山新天地民宿 ,員山鄉,9.2,55,3652
365,蓮春園花間雅舍 ,冬山鄉,8.7,210,2078
366,絕享三合院 ,三星鄉,8.8,86,2251
367,閣陛民宿 ,五結鄉,9.1,161,2165
368,松田民宿 ,礁溪鄉,8.9,121,1651
369,紫藤戀 ,礁溪鄉,9.1,493,1505
370,眠腦教育休閒農場 ,三星鄉,7.3,178,1169
371,紅豆民宿 ,五結鄉,9.1,94,1342
372,FUN輕鬆渡假會館 ,五結鄉,9.1,190,3290
373,101親子溜滑梯民宿  ,冬山鄉,7.5,20,2078
374,礁溪雅比斯民宿 ,礁溪鄉,8.9,350,2273
375,童言童語民宿 ,羅東鎮,8.0,499,1607
376,北成庄蓮花荷畔度假民宿 ,羅東鎮,8.5,265,2407
377,御君臨度假民宿  ,員山鄉,8.0,14,1905
378,享日子,蘇澳鎮,8.7,56,1905
379,牛牛屋 ,三星鄉,9.6,10,2000
380,宜蘭羅東綠之庭民宿 ,羅東鎮,8.7,265,1732
381,有客森林,羅東鎮,8.8,58,1905
382,愛琴海花園汽車旅館 ,五結鄉,8.5,12,2113
383,筠的家 ,羅東鎮,6.8,108,1126
384,蝶舞境安溜滑梯親子民宿 ,冬山鄉,8.9,235,2144
385,騏驊珍琚賞鯨民宿 ,頭城鎮,9.1,423,2061
386,親水棧民宿 ,五結鄉,8.9,129,1565
387,渥爾夫民宿 ,冬山鄉,9.1,39,2290
388,花鹿米民宿  ,冬山鄉,8.3,103,2885
389,新開幕斑鳩小鎮森活親子民宿 ,五結鄉,9.3,22,2234
390,閣樂親子旅宿 ,羅東鎮,9.6,18,2350
391,羅東夜市金宿喜親子民宿 ,羅東鎮,8.6,77,1385
392,蝶古巴特風情畫手作民宿 ,礁溪鄉,9.0,12,3977
393,宜蘭和莊民宿2館 ,五結鄉,8.9,34,1212
394,享亨民宿 ,羅東鎮,7.1,89,1361
395,戀戀小棧民宿 ,五結鄉,8.8,492,1385
396,五號天空民宿3間房包棟,三星鄉,9.6,16,2251
397,植意間夢境民宿 ,五結鄉,8.9,187,865
398,甲蟲森林民宿  ,礁溪鄉,9.1,51,3290
399,太平山部落山莊景觀民宿,大同鄉,8.9,16,2095
400,秀福民宿 ,五結鄉,9.4,45,1299
401,星河民宿 ,羅東鎮,8.4,9,1314
402,小清新民宿 ,羅東鎮,9.1,1097,1798
403,鴻月莊溫泉客棧 ,礁溪鄉,7.8,16,1091
404,彩虹園民宿 ,冬山鄉,8.2,114,3557
405,阿根廷烤肉餐廳民宿 ,礁溪鄉,7.7,43,1905
406,超平價度假民宿 ,羅東鎮,8.8,118,1039
407,蘭博會館 ,頭城鎮,8.5,322,1619
408,水井町民宿 ,羅東鎮,7.1,56,1325
409,匯沄居民宿 ,三星鄉,9.4,2,1471
410,北方札特 ,冬山鄉,9.1,73,3169
411,蘭田雅舍 ,礁溪鄉,8.9,93,2435
412,夏威夷商務汽車旅館 ,宜蘭市,6.7,215,2140
413,浮光民宿 ,礁溪鄉,9.1,124,2580
414,matsusha sha b&b,冬山鄉,8.6,56,2078
415,虎爸羊媽歡樂屋 ,三星鄉,9.1,15,1913
416,黃金屋渡假民宿 ,五結鄉,7.7,20,2424
417,睡海邊-雅房包棟,蘇澳鎮,7.8,10,1792
418,夏初民宿 ,羅東鎮,9.4,137,2435
419,羅東民宿芙米兒城堡 ,羅東鎮,7.6,207,3810
420,麵包樹民宿  ,五結鄉,8.8,86,1385
421,頭城休閒農場酒店 ,頭城鎮,7.6,183,2917
422,員山鄉的9臥室別墅 - 594平方公尺/9間專用衛浴 ,員山鄉,9.1,137,3507
423,蝴蝶結溜滑梯親子民宿 ,員山鄉,8.1,108,1830
424,曼漫森林 ,羅東鎮,9.8,6,1385
425,皇泰大飯店 ,礁溪鄉,8.1,402,1620
426,泉嘉溫泉會館 ,礁溪鄉,8.3,336,3882
427,旅人空間民宿  ,冬山鄉,8.5,41,2381
428,旅人空間民宿  ,冬山鄉,8.5,41,2381
429,叢宿 ,羅東鎮,9.9,4,1801
430,鄉下民宿 ,壯圍鄉,7.9,15,1524
431,月亮的家  ,三星鄉,6.1,70,4145
432,湖漾189風格旅店 ,冬山鄉,8.7,475,4433
433,香林茶園民宿 ,大同鄉,8.4,157,1905
434,羅東夜市樂活  ,羅東鎮,10.0,1,1238
435,雷院子民宿  ,三星鄉,9.3,271,3818
436,Lady M 羅東夜市口 ,羅東鎮,8.6,161,1558
437,森情休閒民宿 ,大同鄉,8.5,18,1905
438,美夢成真 ,三星鄉,9.1,19,2424
439,田田圈民宿 ,羅東鎮,8.6,28,1731
440,樂旅湯宿 ,礁溪鄉,8.7,39,2743
441,櫻戀河畔民宿 ,冬山鄉,9.4,154,2462
442,礁溪逸仙泉旅宿 ,礁溪鄉,7.8,588,1948
443,礁溪昀居渡假別墅 ,礁溪鄉,8.9,170,1925
444,北投117民宿 ,羅東鎮,9.3,230,1287
445,宜蘭24度42分民宿 ,五結鄉,9.5,14,3117
446,奧羅拉風格民宿 ,五結鄉,8.6,75,2000
447,天下居汽車旅館 ,宜蘭市,7.6,291,1972
448,神之島民宿 ,冬山鄉,8.7,176,2684
449,帕默度假民宿 ,五結鄉,7.7,38,1255
450,艾斯新宿 ,羅東鎮,8.3,815,1472
451,溫沙堡汽車旅館 Windsor Castle Garden Motel,礁溪鄉,7.5,4,2923
452,松沐居 Hot Spring,頭城鎮,10.0,1,3030
453,松滿緣民宿 ,羅東鎮,8.6,499,1702
454,雲心海民宿  ,頭城鎮,8.7,13,1991
455,極簡旅行民宿 Simple Travel B&B,五結鄉,9.7,24,1472
456,頭城溫泉海景無邊際景觀宅 ,頭城鎮,9.1,13,3723
457,樂居Love Home,羅東鎮,9.4,303,1714
458,噶瑪蘭ㄟ古厝,五結鄉,8.7,80,1732
459,菲比列車 Phoebe Trains ,羅東鎮,8.6,181,4502
460,Coming Home Apartment 設計體驗空間,宜蘭市,8.7,9,4190
461,葳格行旅 ,宜蘭市,6.6,129,2985
462,朝陽85民宿 ,頭城鎮,10.0,4,2165
463,綠禾豐民宿 ,羅東鎮,5.3,3,2165
464,好䒤小清新雙人房-金仗球/01 ,宜蘭市,no info,no info,1234
465,帕克旅行 ,羅東鎮,8.5,88,1558
466,花香林親子滑梯民宿 ,冬山鄉,8.6,109,2511
467,禾水岸 ,三星鄉,9.2,3,2857
468,衿日林民宿 ,冬山鄉,8.4,247,1238
469,Love... Happiness Inn,蘇澳鎮,9.4,353,1722
470,艾倫的家 ,礁溪鄉,9.3,10,1391
471,小巷民宿 ,三星鄉,9.4,94,1837
472,富英農舍·莫蘭迪色系主題防空洞 ,冬山鄉,10.0,1,1299
473,日子正好 ,冬山鄉,9.7,6,1461
474,宜蘭頭城空空如也 ,頭城鎮,9.5,8,1524
475,馨民宿 ,羅東鎮,6.7,81,1385
476,有機書店文旅- 頭城 ,頭城鎮,9.6,1,1212
477,有機書店文旅- 頭城 ,頭城鎮,9.6,1,1212
478,伊莎蝶舞溜滑梯包棟親子民宿 ,五結鄉,8.5,118,1843
479,馬卡龍民宿 ,羅東鎮,7.7,63,1195
480,壯圍張宅 ,壯圍鄉,9.5,55,5079
481,松霖渡假農莊  ,冬山鄉,9.2,3,2078
482,頭城鎮的2臥室獨棟住宅 - 25平方公尺/1間專用衛浴 ,頭城鎮,8.4,24,1236
483,羅東夜市YesFun,羅東鎮,8.4,599,1429
484,羅東好棧,羅東鎮,9.2,77,2078
485,礁溪湯院子-有愛家,礁溪鄉,9.5,3,3134
486,相約幸福民宿 ,五結鄉,8.9,151,1368
487,七里香民宿 ,五結鄉,9.3,342,3896
488,宜蘭好窄平價民宿,壯圍鄉,8.6,4,1558
489,美好生活民宿 ,冬山鄉,7.7,99,1316
490,什麼玩藝 ,三星鄉,9.4,6,3723
491,Yes 會館 ,羅東鎮,8.9,228,2597
492,雲海軒 ,宜蘭市,8.2,215,2000
493,小東橋宇好宅 ,宜蘭市,9.1,176,1683
494,Yilan Night Market Whole House,宜蘭市,8.8,41,2571
495,涵天民宿 ,五結鄉,9.4,61,1374
496,梅花湖休閒農場 ,冬山鄉,6.6,67,1826
497,親水89饗樂民宿 ,五結鄉,9.8,67,3983
498,半年旅宿 ,礁溪鄉,no info,no info,866
499,微風小棧民宿 ,羅東鎮,7.5,178,1299
500,泉湯溫泉商務旅館 ,礁溪鄉,7.5,130,2468
501,采亨時尚民宿 ,羅東鎮,7.9,82,1991
502,鋼與螺絲  ,羅東鎮,8.5,889,1558
503,Smile Baby,羅東鎮,7.6,420,756
504,宜蘭市的1臥室獨棟住宅 - 66平方公尺/1間專用衛浴 ,宜蘭市,8.8,3,2265
505,麗宿金鑽 ,蘇澳鎮,9.0,114,1714
506,衝浪假期 ,頭城鎮,7.6,15,3103
507,羅東夜市 潮宅舍民宿 ,羅東鎮,8.0,394,1143
508,卡斯比亞精品民宿 ,冬山鄉,9.6,41,1924
509,溫朵莉 Wendoly's Hot Spring Suite,頭城鎮,10.0,2,4190
510,宜蘭莫內花園城堡,五結鄉,9.7,5,4730
511,鷺田民宿 ,員山鄉,9.0,41,2771
512,冬山鄉小屋套房 - 30平方公尺/1間專用衛浴 ,冬山鄉,9.1,4,3434
513,喆園民宿  ,冬山鄉,9.3,78,2174
514,璞邸傳藝親子渡假民宿 ,五結鄉,8.5,186,1892
515,靚自然民宿  ,壯圍鄉,9.2,87,2174
516,蘭卡威羅東庭園民宿 ,羅東鎮,9.6,14,2087
517,白鵝田園 ,礁溪鄉,8.7,131,2424
518,菱線民宿 ,頭城鎮,9.1,15,2391
519,R&J Guesthouse,員山鄉,9.6,187,2493
520,懷鄉園溫泉民宿 ,礁溪鄉,8.5,144,2338
521,甜園玉光民宿 ,礁溪鄉,9.3,32,2251
522,羅東夜市驛站民宿 ,羅東鎮,8.2,912,1039
523,小窩旅店,羅東鎮,9.9,2,1055
524,稻香水稻輕旅行 ,五結鄉,9.5,55,2556
525,怡然小築 ,礁溪鄉,8.4,63,1391
526,正統休閒農場民宿 ,三星鄉,8.8,12,1472
527,森林公園民宿 ,冬山鄉,8.8,87,1905
528,希格瑪花園城堡 ,員山鄉,8.6,91,3463
529,沉靜片刻 ,員山鄉,10.0,1,2948
530,宜蘭包棟歡唱別墅 建築師湧泉泡湯會館Yilan Architect House,冬山鄉,8.9,125,2695
531,溫暖的家二館 ,五結鄉,9.6,2,1457
532,閑居民宿 ,冬山鄉,8.2,61,1905
533,Voyageur 旅人小居 ,頭城鎮,9.5,37,2753
534,五結鄉的1臥室別墅 - 45平方公尺/1間專用衛浴 ,五結鄉,no info,no info,4999
535,獨立空間麻雀小屋温馨4-6人溜滑梯房,五結鄉,9.6,6,3790
536,時遇民宿 Meet BnB ,羅東鎮,9.6,2,1126
537,貓天空寵物鄉村民宿 ,三星鄉,9.0,95,2261
538,星晏親子民宿,羅東鎮,9.6,16,2381
539,沐禾渡假會館 ,冬山鄉,9.3,8,4025
540,超平價民宿風格館 ,羅東鎮,8.8,85,1039
541,牡庫夏民宿 ,大同鄉,8.8,138,2094
542,童話村親子生態農場民宿 ,冬山鄉,10.0,1,4486
543,彩虹灣民宿 ,五結鄉,8.7,41,2646
544,波特立溫泉民宿 ,礁溪鄉,8.6,191,2280
545,睡海邊-小木屋,蘇澳鎮,8.4,63,2338
546,Palmer villa 一館 ,五結鄉,6.1,3,2554
547,養心食房,頭城鎮,8.3,71,1886
548,宜人生活溜滑梯親子民宿 ,冬山鄉,8.7,104,3999
549,米希格民宿 ,羅東鎮,9.5,146,1909
550,愛玩小棧 ,冬山鄉,9.0,11,1429
551,寶島大樓 ,蘇澳鎮,8.8,82,1429
552,羅東鎮的4臥室獨棟住宅 - 211平方公尺/5間專用衛浴 ,羅東鎮,no info,no info,2728
553,丹尼渡假莊園 ,頭城鎮,8.8,28,1732
554,G9民宿 ,羅東鎮,8.8,430,1429
555,采雲間  ,礁溪鄉,9.1,87,1541
556,紫戀民宿 溜滑梯 可用五倍卷 國旅卷,羅東鎮,8.3,71,1124
557,白紙寓所blank slate B&B-鄰近夜市的包層公寓,羅東鎮,10.0,1,2190
558,綠岸休閒會館 ,冬山鄉,8.7,336,3615
559,京巷花弄民宿 ,冬山鄉,8.9,67,2756
560,羅東夜市 宅可可旅宿 ,羅東鎮,7.8,209,1126
561,宜蘭冬山河檜木民宿 ,冬山鄉,8.4,112,935
562,精悅民宿 ,三星鄉,8.9,199,2327
563,維多利亞民宿  ,羅東鎮,9.1,61,1714
564,靜園休閒民宿 I 館 ,羅東鎮,8.8,128,3273
565,北歐民宿 ,五結鄉,6.7,81,779
566,家享棧 ,羅東鎮,9.7,7,1714
567,稼軒民宿 ,宜蘭市,8.7,58,1948
568,小白球休閒會館 ,五結鄉,8.0,50,2165
569,羅東夜巿童窩親子溜滑梯民宿 ,羅東鎮,8.0,100,1645
570,非住不可 ,冬山鄉,9.5,112,1429
571,H2O水民宿 ,五結鄉,9.2,84,2815
572,想念巴黎 ,五結鄉,10.0,1,2338
573,遇見奇蹟  ,冬山鄉,9.3,73,2762
574,礁溪鄉的1臥室小屋 - 15平方公尺/1間專用衛浴 ,礁溪鄉,10.0,1,2088
575,礁溪鄉的1臥室小屋 - 15平方公尺/1間專用衛浴 ,礁溪鄉,10.0,1,2088
576,玫瑰莊園 ,冬山鄉,8.7,34,1732
577,東尼的家 ,礁溪鄉,8.6,50,1385
578,春和大飯店 ,礁溪鄉,7.7,100,3085
579,靜棧民宿 ,冬山鄉,8.7,261,1299
580,晨露庄 ,冬山鄉,9.2,292,2722
581,童趣樂園-溜滑梯親子民宿 ,冬山鄉,9.2,105,3130
582,羅東民宿蒼之藏騎士團 ,羅東鎮,7.8,164,3810
583,庭軒小公館 ,蘇澳鎮,7.8,11,1557
584,井上春樹 ,冬山鄉,9.7,17,1848
585,Longxuan's Hot Spring Suite 龍軒的溫泉套房,頭城鎮,8.9,25,3810
586,星嵐民宿 ,礁溪鄉,9.2,1,2371
587,溜滑梯親子民宿-童趣樂園 ,冬山鄉,8.7,12,3117
588,情定珍珠民宿 ,冬山鄉,8.0,77,3828
589,啟瓦居會館 ,冬山鄉,9.5,11,2165
590,宜蘭小魚的家 ,五結鄉,9.1,103,1429
591,極簡主義Less is more ,五結鄉,9.1,144,1913
592,在水一方 ,冬山鄉,8.4,19,1126
593,宜蘭羅東青田日光民宿 ,羅東鎮,9.0,89,1565
594,睡海邊-獨棟民宿,蘇澳鎮,8.6,18,3771
595,溫蒂的家 頭城A館 ,頭城鎮,9.4,16,1947
596,踏踏田園度假會館 ,礁溪鄉,9.3,6,1732
597,海燕的家,冬山鄉,9.7,3,1108
598,童萌國民宿 ,五結鄉,9.1,62,3907
599,晴天民宿,五結鄉,8.6,104,1486
600,香草星空民宿 ,五結鄉,7.7,80,2061
601,夢想成真櫻之宿 ,三星鄉,9.2,35,3905
602,辰曦溫泉 ,礁溪鄉,10.0,1,4329
603,羅東民宿威勒曼親子溜滑梯 ,羅東鎮,7.6,225,3810
604,京園民宿 ,三星鄉,8.7,38,1558
605,渡船頭休閒會館 ,員山鄉,8.9,3,3333
606,蝶舞新群溜滑梯民宿 ,羅東鎮,9.1,119,1948
607,Love300天電梯旅宿 ,羅東鎮,9.6,1,1364
608,心靈的家民宿 ,礁溪鄉,9.0,56,2101
609,田野小徑 ,礁溪鄉,9.3,14,2078
610,上雅居,三星鄉,9.5,41,2667
611,枕山庄 ,員山鄉,8.5,116,2078
612,蛋蛋民宿 ,冬山鄉,8.7,33,1429
613,遇而歡民宿 ,冬山鄉,9.2,484,1212
614,逸家民宿 Yija,五結鄉,9.6,4,2735
615,頭城鎮的1臥室公寓 - 13平方公尺/1間專用衛浴 ,頭城鎮,8.1,22,1229
616,星願園民宿 ,冬山鄉,8.4,147,1126
617,夜市南瓜園 ,羅東鎮,8.8,91,1732
618,種子民宿 ,員山鄉,9.8,6,1732
619,田妍山色民宿 ,礁溪鄉,9.3,202,2338
620,小蘋果民宿 ,五結鄉,8.8,230,3501
621,純真童心親子民宿 ,五結鄉,9.0,28,1628
622,宜蘭1955親子民宿二館 ,五結鄉,9.0,38,3186
623,羅東夜市GoInn,羅東鎮,8.5,85,1299
624,羅東夜市GoInn,羅東鎮,8.5,85,1299
625,跑孩子民宿 ,礁溪鄉,8.0,337,987
626,田中歐寒集B&B ,冬山鄉,9.1,387,1125
627,晴朵包棟民宿  ,五結鄉,7.9,316,1354
628,同心宇民宿 ,五結鄉,9.2,29,1209
629,頭城鎮的1臥室公寓 - 18平方公尺/1間專用衛浴 ,頭城鎮,9.0,8,1103
630,家盈海岸渡假民宿 ,頭城鎮,8.3,141,1558
631,宜蘭鄉間住一晚 ,冬山鄉,9.0,52,1732
632,頭城鎮的1臥室獨棟住宅 - 45平方公尺/1間專用衛浴 ,頭城鎮,9.2,10,1457
633,春風草堂民宿 ,員山鄉,8.5,49,1905
634,宜蘭愛麗思親子主題民宿 ,冬山鄉,8.4,9,1732
635,英倫印度異國風民宿 ,羅東鎮,9.1,112,2381
636,霍格華茲城堡民宿 	 ,五結鄉,9.3,28,3636
637,楓潮宿墅,三星鄉,10.0,4,4129
638,蒂朵農莊 ,蘇澳鎮,8.9,61,1558
639,古意生活藝術館茶齋休憩空間,冬山鄉,9.6,1,3429
640,烏石港賞鯨民宿 ,頭城鎮,9.1,162,2952
641,羅東夜市熊熊家 ,羅東鎮,9.0,87,1385
642,鯨艷民宿 ,頭城鎮,8.5,11,1558
643,礁溪白雲閣民宿 ,礁溪鄉,8.4,22,1558
644,荔枝民宿 ,冬山鄉,9.3,97,2078
645,日光田居一館  ,三星鄉,9.5,6,2095
646,五結那旅 ,五結鄉,9.6,114,2667
647,宜蘭輕鬆駐民宿 ,三星鄉,9.7,58,3553
648,宜蘭市的2臥室獨棟住宅 - 66平方公尺/2間專用衛浴 ,宜蘭市,9.2,4,4481
649,春夏秋冬民宿 ,冬山鄉,8.9,176,952
650,沐然香憩 ,礁溪鄉,9.1,41,2783
651,吉他風情民宿  ,五結鄉,9.4,94,2338
652,華清園民宿 ,員山鄉,8.8,60,2174
653,米修 B&B ,冬山鄉,10.0,1,2909
654,艾薇卡民宿 ,五結鄉,7.7,56,1801
655,鬧鐘關掉 ,五結鄉,no info,no info,4020
656,采雲間民宿 ,羅東鎮,8.8,120,1714
657,烏石港北堤民宿 ,頭城鎮,8.8,153,2972
658,雅第三合院民宿 ,冬山鄉,9.2,101,2261
659,海洋森活 ,蘇澳鎮,7.8,270,2944
660,MAY的家歐式民宿 ,冬山鄉,9.0,49,2667
661,沐心田森活會館 ,冬山鄉,9.2,18,2267
662,Dansely B&B 宜蘭丹可民宿 收五倍卷&國旅卷,五結鄉,9.3,94,1905
663,Buluba - 眺望 ,員山鄉,9.5,3,4174
664,青龍居海景溫泉套房,頭城鎮,9.0,10,3300
665,Smile Traveler 步行可達羅東夜市 預定須先匯款,羅東鎮,8.7,44,1333
666,微笑18 ,五結鄉,8.8,136,1558
667,Yuemei636,羅東鎮,8.0,1,979
668,青萍居人文會館 ,五結鄉,8.8,87,1948
669,枕山春海民宿 ,員山鄉,7.2,55,1913
670,momo民宿 溜滑梯 可用國旅卷 五倍卷,冬山鄉,7.9,235,1124
671,五結鄉的1臥室別墅 - 30平方公尺/1間專用衛浴 ,五結鄉,no info,no info,2869
672,蘭博海景風情坊 ,頭城鎮,8.3,413,2840
673,蘭博海景風情坊 ,頭城鎮,8.3,413,2840
674,日光田居二館 ,三星鄉,8.3,2,2095
675,好䒤小清新雙人房-金仗球/02 ,宜蘭市,no info,no info,1289
676,清田居 ,冬山鄉,8.7,38,3288
677,愛玩家民宿 ,羅東鎮,8.6,80,1732
678,好䒤小清新雙人房-金仗球/03 ,宜蘭市,no info,no info,1264
679,好䒤藝緻樓中樓-棉花/02 ,宜蘭市,no info,no info,2640
680,月兒田民宿 ,礁溪鄉,9.6,4,1714
681,微笑橘子民宿 ,冬山鄉,8.5,214,1413
682,蕃薯旅店 ,頭城鎮,8.5,82,1941
683,綠野仙蹤民宿 ,冬山鄉,7.4,10,1913
684,幸福三百米民宿 ,羅東鎮,9.2,271,2702
685,青田云舍 - 電梯民宿 ,五結鄉,9.5,66,1558
686,宜蘭幸福青鳥民宿 ,五結鄉,8.3,91,2575
687,裕太渡假館,五結鄉,no info,no info,2432
688,礁溪鄉的1臥室獨棟住宅 - 80平方公尺/1間專用衛浴 ,礁溪鄉,8.8,5,4779
689,香狄亞民宿 ,羅東鎮,9.7,16,3463
690,曉翠軒親子民宿,五結鄉,8.4,98,1238
691,田野居民宿  ,壯圍鄉,9.8,7,1461
692,鯛之家 ,礁溪鄉,8.7,33,1826
693,溫蒂的家 頭城B館 ,頭城鎮,9.4,5,2132
694,羅東夜市精品親子館 ,羅東鎮,8.1,223,1905
695,頭城青雲民宿 ,頭城鎮,8.6,88,957
696,6007民宿 ,頭城鎮,8.9,38,4429
697,水連田日式庭院 ,五結鄉,no info,no info,3110
698,艾伯特民宿 ,羅東鎮,7.3,26,952
699,貝悅民宿 ,羅東鎮,9.0,61,1714
700,童玩民宿 ,五結鄉,7.6,46,1558
701,馨悅民宿 近羅東 溜滑梯 可用國旅卷 五倍卷,冬山鄉,8.6,17,1048
702,樂活小屋 ,冬山鄉,8.6,33,1039
703,鳳凰宿甲蟲生態民宿  ,員山鄉,8.4,19,3810
704,優勝美地音樂民宿 ,員山鄉,9.1,114,2424
705,藍洋呂遊 宜蘭頭城,頭城鎮,10.0,1,2286
706,哈薩雅琪南歐風民宿 ,三星鄉,8.9,33,6738
707,五結童心親子民宿 ,五結鄉,9.4,77,3494
708,日照農莊 ,五結鄉,8.8,10,2303
709,飛官的家vs可包棟,三星鄉,9.5,73,1645
710,香草森林 ,冬山鄉,10.0,5,1558
711,宜人生活溜滑梯親子民宿 ,冬山鄉,9.0,255,3686
712,禾樂號Hello House,羅東鎮,10.0,7,3505
713,76親子民宿 ,冬山鄉,8.6,45,3723
714,園外 ,五結鄉,9.4,14,1524
715,水雲軒民宿 ,五結鄉,8.5,9,2255
716,松楓親子民宿,五結鄉,9.7,102,2926
717,蘭陽溪口民宿 ,五結鄉,8.8,145,1991
718,富農民宿  ,冬山鄉,8.1,14,3463
719,童玩趣親子民宿 ,冬山鄉,no info,no info,3446
720,微圍住宜蘭森活民宿 ,壯圍鄉,9.3,33,2727
721,好䒤藝緻樓中樓-棉花/03 ,宜蘭市,no info,no info,2646
722,好䒤藝緻樓中樓-棉花/03 ,宜蘭市,no info,no info,2646
723,涵天童話民宿 ,五結鄉,9.0,79,2355
724,好䒤藝緻樓中樓-棉花/01 ,宜蘭市,no info,no info,2630
725,大福謙代莊園 ,壯圍鄉,10.0,1,4968
726,Jane橙堡 ,五結鄉,9.0,31,2424
727,風清雅筑 ,五結鄉,9.0,16,2597
728,鳥語花香民宿 ,五結鄉,9.1,18,952
729,禾渼會館  ,冬山鄉,9.2,81,3879
730,光腳ㄚ民宿 ,冬山鄉,9.0,93,2609
731,夏夢林b&b,員山鄉,no info,no info,3273
732,第二個家民宿 ,冬山鄉,8.3,7,1299
733,井上春樹民宿 ,冬山鄉,no info,no info,2290
734,五結鄉的1臥室獨棟住宅 - 30平方公尺/1間專用衛浴 ,五結鄉,no info,no info,2970
735,唐采天空民宿 ,羅東鎮,9.1,121,2694
736,童樂匯-主題式親子民宿 ,五結鄉,8.7,26,2771
737,有機書店文旅,頭城鎮,10.0,1,1045
738,小田時光溜滑梯親子民宿,五結鄉,9.6,9,3377
739,幸福橘子民宿 ,冬山鄉,8.9,317,1503
740,堤亞瓦舍民宿 ,五結鄉,8.8,75,1732
741,天然居民宿 ,冬山鄉,9.4,68,1991
742,頭城鎮的2臥室獨棟住宅 - 42平方公尺/1間專用衛浴 ,頭城鎮,no info,no info,4213
743,真愛民宿 ,五結鄉,9.1,77,2597
744,湖水映渡假民宿  ,冬山鄉,8.1,38,1565
745,簡單緩慢渡假民宿 ,三星鄉,no info,no info,3442
746,田園河畔  ,冬山鄉,8.5,134,1924
747,夜市香菇園 ,冬山鄉,8.9,6,2251
748,羅東巴黎左岸民宿 ,羅東鎮,9.0,71,1714
749,四季花園民宿 ,冬山鄉,8.8,78,2417
750,好䒤小幸運雙人房-薰衣草/01 ,宜蘭市,no info,no info,1681
751,小幸福香村民宿 ,冬山鄉,9.4,41,4522
752,普普風民宿 ,冬山鄉,10.0,1,2165
753,好䒤小確幸雙人房-蘆葦 ,宜蘭市,no info,no info,2165
754,童樂園親子民宿 ,五結鄉,no info,no info,2494
755,一號收容所  ,頭城鎮,9.5,5,2706
756,傳藝鄉村小棧12人包棟民宿,五結鄉,8.0,16,1905
757,窩在一起  ,三星鄉,9.4,19,2494
758,安緹利亞親子溜滑梯城堡 ,冬山鄉,8.8,74,2511
759,迎迎民宿,頭城鎮,10.0,1,2286
760,夜泊、梅花鹿 ,冬山鄉,8.6,56,2476
761,睡海邊-石頭屋,蘇澳鎮,8.0,20,2571
762,飛高高的胖柳丁 ,羅東鎮,9.6,1,2078
763,索菲亞民宿 ,冬山鄉,8.2,6,3602
764,好䒤藝緻樓中樓-乾燥玫瑰/01 ,宜蘭市,no info,no info,2635
765,羅東夜市妮寶樂園 ,羅東鎮,7.8,385,4069
766,香魚之家 ,三星鄉,8.6,21,1385
767,米果民宿 ,五結鄉,no info,no info,2597
768,樂基伯露營天地-自備帳篷,蘇澳鎮,10.0,1,1299
769,蘭陽花鳥園民宿 ,壯圍鄉,8.5,3,1429
770,宜蘭12 輕旅 House  ,壯圍鄉,9.0,2,1455
771,五結鄉的1臥室別墅 - 25平方公尺/0間專用衛浴 ,五結鄉,no info,no info,2618
772,情園民宿2,冬山鄉,8.8,1,2597
773,羅東夜市大俠親子館 ,羅東鎮,9.9,3,1524
774,泗里沐行館 ,頭城鎮,10.0,2,3796
775,宜蘭澳玩客主題民宿 ,五結鄉,9.2,75,3216
776,羅東鎮的1臥室小屋 - 27平方公尺/1間專用衛浴 ,羅東鎮,no info,no info,1433
777,安農左岸民宿 ,冬山鄉,8.7,5,2202
778,青春好好玩 ,冬山鄉,9.6,23,4329
779,荷風自然民宿 ,員山鄉,9.2,4,2171
780,水連天日式庭院  ,五結鄉,9.9,3,1948
781,羅東微笑岑堡 ,羅東鎮,10.0,1,1905
782,礁溪夜室,礁溪鄉,9.2,12,2952
783,唯孝民宿 ,五結鄉,9.3,38,3792
784,獨棟別墅 私人花園 桐話親子民宿 Tonghua B&B,三星鄉,9.5,1,3108
785,四季軒 ,五結鄉,10.0,1,1385
786,桔的堡親子民宿 - 公主房 ,冬山鄉,no info,no info,3250
787,桔的堡親子民宿 - 賽車房 ,冬山鄉,8.6,5,3631
788,鳶尾花鄉村民宿 ,五結鄉,8.6,27,1714
789,阿宏民宿  ,冬山鄉,8.9,7,1905
790,礁溪桂竹林民宿 ,礁溪鄉,9.2,65,2165
791,丟丟噹親子民宿 ,冬山鄉,8.8,1,2771
792,麗筑藝親子民宿  ,五結鄉,8.8,55,2424
793,踏踏田園度假會館 ,礁溪鄉,no info,no info,1821
794,好住Goodliving ,蘇澳鎮,9.2,17,6540
795,來宜客民宿  ,冬山鄉,6.5,3,2286
796,寶貝的家BabyHouse,五結鄉,8.1,4,3247
797,宜蘭81輕旅BOAT ,礁溪鄉,9.1,69,1628
798,樂福小棧親子民宿 Love House,冬山鄉,9.7,21,2667
799,麥friends' hostel旅人空間 ,員山鄉,9.1,219,1304
800,古風城渡假民宿 ,五結鄉,6.4,4,2857
801,如沐咖啡旅宿,三星鄉,no info,no info,3030
802,Ching Ho Yuan,五結鄉,no info,no info,1870
803,I Do BnB,五結鄉,9.6,1,3508
804,藍月庭園,五結鄉,7.5,22,1286
805,金洙椏民宿 ,五結鄉,9.0,5,1870
806,星賞民宿 ,冬山鄉,9.2,138,2804
807,宜蘭1955親子民宿一館,五結鄉,10.0,1,3186
808,Bleu Hostel,五結鄉,9.3,25,2743
809,玩童親子民宿  ,冬山鄉,no info,no info,2606
810,Jane橙堡B館 ,五結鄉,no info,no info,2771
811,米亞民宿 ,五結鄉,8.9,2,2545
812,貓與海溜滑梯民宿 ,羅東鎮,9.7,3,2580
813,摩兒莊園 ,冬山鄉,9.1,51,2251
814,漁海民宿 ,礁溪鄉,no info,no info,952
815,宜蘭艾美休閑民宿 ,五結鄉,9.2,22,1991
816,情園民宿,冬山鄉,no info,no info,2667
817,蘭庭民宿 ,員山鄉,9.0,34,2771
818,錦草町親子民宿 ,五結鄉,9.6,1,1905
819,coco的家民宿 ,礁溪鄉,no info,no info,2251
820,情園民宿,冬山鄉,no info,no info,2667
821,蘭庭民宿 ,員山鄉,9.0,34,2771
822,Crescent Lake Resort Line Museum,羅東鎮,no info,no info,1818
823,厝味民宿 ,員山鄉,9.6,72,1401
824,錦草町親子民宿 ,五結鄉,9.6,1,1905
825,coco的家民宿 ,礁溪鄉,no info,no info,2251
826,宜蘭美麗蓮夢露渡假莊園（親子I寵物I包棟I溜滑梯） ,五結鄉,9.4,6,2424
827,五結鄉的4臥室小屋 - 68平方公尺/4間專用衛浴 ,五結鄉,no info,no info,3728
828,米樂民宿 ,五結鄉,10.0,1,2424
829,巴黎鐵塔民宿 ,羅東鎮,8.4,31,1714
830,冬山鄉小屋套房 - 40平方公尺/3間專用衛浴 ,冬山鄉,6.8,1,2087
831,員山鄉的1臥室公寓 - 30平方公尺/1間專用衛浴 ,員山鄉,no info,no info,1980
832,桔的堡親子民宿 - 海洋房 ,冬山鄉,8.9,9,3999
833,山璞。寓,礁溪鄉,no info,no info,2092
834,Tian Zhong Ou Han Ji Homestay,冬山鄉,no info,no info,1237
835,象園民宿 ,礁溪鄉,6.7,3,1990
836,微陽二館,羅東鎮,no info,no info,1896
837,愛之屋渡假別墅 ,三星鄉,9.0,14,2597
838,桔的堡親子民宿 ,冬山鄉,10.0,2,3200
839,宜蘭小柚子民宿 ,冬山鄉,no info,no info,2857
840,晨園民宿 ,五結鄉,8.3,46,2752
841,日照青旅Sunshinecoast,冬山鄉,8.7,10,1333
842,古意生活藝術館 ,冬山鄉,no info,no info,2771
843,villa 清泉親子溜滑梯樂園 Homestay,冬山鄉,9.3,4,4500
844,羅東森活風格 ,羅東鎮,9.2,20,2424
845,玉田墅 ,礁溪鄉,9.2,2,2805
846,糖心寶貝民宿 ,五結鄉,9.8,2,1714
847,羅東鎮的2臥室公寓 - 75平方公尺/1間專用衛浴 ,羅東鎮,no info,no info,2962
848,好䒤小確幸雙人房-尤加利/01 ,宜蘭市,no info,no info,1999
849,辰馨辰懿溫泉民宿二館,礁溪鄉,no info,no info,2320
850,頭城鎮的1臥室獨棟住宅 - 25平方公尺/1間專用衛浴 ,頭城鎮,no info,no info,2511
851,薇嬁民宿 ,羅東鎮,9.1,50,1905
852,好䒤藝緻樓中樓-乾燥玫瑰/02 ,宜蘭市,no info,no info,2524
853,窩在宜蘭 ,五結鄉,9.0,83,1783
854,鸚鵡名宿,五結鄉,no info,no info,2838
855,蘇澳東澳 魚窩背包客棧 民宿,蘇澳鎮,no info,no info,1384
856,頭城鎮的1臥室獨棟住宅 - 42平方公尺/1間專用衛浴 ,頭城鎮,no info,no info,4317
